1,Edilberto,Martinez,Uragama,1,edilberto234@gmail.com,M,2012-3-7,0,,,,,
2,Marleny,Castillo,Ruiz,1,marleny163@gmail.com,F,2012-7-20,0,,,,,
3,Carlos Antonio,Galvis,,1,carlosantonio786@gmail.com,M,2008-2-28,0,,,,,
4,Oswaldo,Benitez,,1,oswaldo432@gmail.com,M,2005-12-9,0,,,,,
5,Luis Daniel,Vargas,Atencia,1,luisdaniel640@gmail.com,M,2005-9-11,0,,,,,
6,Emmanuel,Gomez,Garizabalo,1,emmanuel891@gmail.com,M,2012-1-7,0,,,,,
7,Maria Romelia,Jorge,,1,mariaromelia578@gmail.com,F,2015-6-21,0,,,,,
8,Andres Leonardo,Arrieta,Rodriguez,1,andresleonardo402@gmail.com,M,2010-3-19,0,,,,,
9,Sarah,Narvaez,,1,sarah0@gmail.com,F,2011-1-20,0,,,,,
10,Jaime Antonio,Herrera,Rivera,1,jaimeantonio990@gmail.com,M,2012-12-23,0,,,,,
11,Maria Andrea,Alvarez,,1,mariaandrea371@gmail.com,F,2011-11-18,0,,,,,
12,Laura Isabella,Paternina,Gonzalez,1,lauraisabella213@gmail.com,F,2010-2-8,0,,,,,
13,Fernando Alonso,Gonzalez,,1,fernandoalonso133@gmail.com,M,2008-8-7,0,,,,,
14,Rodrigo Jesus,Diaz,,1,rodrigojesus857@gmail.com,M,2010-3-4,0,,,,,
15,Sandra Ximena,Mendivil,Feria,1,sandraximena288@gmail.com,F,2015-2-28,0,,,,,
16,Violeta,Ramos,Mercado,1,violeta931@gmail.com,F,2010-10-7,0,,,,,
17,Juan Nicolas,Santos,Arroyo,1,juannicolas824@gmail.com,M,2013-7-25,0,,,,,
18,John Anderson,Muã‘Oz,,1,johnanderson871@gmail.com,M,2011-10-18,0,,,,,
19,Jose Aldemar,Benitez,Martinez,1,josealdemar410@gmail.com,M,2012-1-8,0,,,,,
20,Cesar Mauricio,Montes,Pozo,1,cesarmauricio265@gmail.com,M,2004-7-1,0,,,,,
21,Maria Aracelly,Oviedo,,1,mariaaracelly818@gmail.com,F,2014-12-3,0,,,,,
22,Diego Mauricio,Vergara,Alvarez,1,diegomauricio351@gmail.com,M,2013-6-22,0,,,,,
23,Jhon Fredy,Ortiz,,1,jhonfredy793@gmail.com,M,2015-4-18,0,,,,,
24,Maria Irma,Alvarez,Feria,1,mariairma136@gmail.com,F,2008-1-1,0,,,,,
25,Yuri Andrea,Perdomo,,1,yuriandrea548@gmail.com,F,2010-6-17,0,,,,,
26,John Edison,Mercado,,1,johnedison96@gmail.com,M,2006-1-26,0,,,,,
27,Andres Jose,Rodriguez,,1,andresjose115@gmail.com,M,2007-10-8,0,,,,,
28,Silvana,Romero,Arrieta,1,silvana157@gmail.com,F,2008-10-26,0,,,,,
29,Jhon Fredy,Perez,,1,jhonfredy160@gmail.com,M,2011-9-20,0,,,,,
30,Blanca Nelly,Mercado,,1,blancanelly997@gmail.com,F,2015-12-22,0,,,,,
31,Oscar,Corrales,Zarate,1,oscar71@gmail.com,M,2013-11-2,0,,,,,
32,Paula Tatiana,Sequeda,Monterroza,1,paulatatiana917@gmail.com,F,2008-9-17,0,,,,,
33,Danna,Calderon,,1,danna328@gmail.com,F,2006-4-25,0,,,,,
34,Sergio Alberto,Sanchez,Contreras,1,sergioalberto31@gmail.com,M,2010-9-15,0,,,,,
35,Daniel Fernando,Castillo,Sencio,1,danielfernando784@gmail.com,M,2014-2-21,0,,,,,
36,Oscar Hernando,Benitez,,1,oscarhernando416@gmail.com,M,2006-2-9,0,,,,,
37,Luis Santiago,Clemente,,1,luissantiago514@gmail.com,M,2011-4-21,0,,,,,
38,Wilson Enrique,Sanchez,,1,wilsonenrique65@gmail.com,M,2010-8-23,0,,,,,
39,Karen Alejandra,Lidueã‘A,Cali,1,karenalejandra473@gmail.com,F,2013-7-8,0,,,,,
40,Christian Alberto,Carmona,,1,christianalberto665@gmail.com,M,2008-2-14,0,,,,,
41,Martha,Chamorro,Valle,1,martha101@gmail.com,F,2013-4-18,0,,,,,
42,Alba Rosa,Pineda,,1,albarosa39@gmail.com,F,2008-9-12,0,,,,,
43,Erica,Escaã‘O,,1,erica100@gmail.com,F,2008-11-26,0,,,,,
44,Mauricio Antonio,Diaz,Fonseca,1,mauricioantonio936@gmail.com,M,2008-1-1,0,,,,,
45,John James,Perez,,1,johnjames657@gmail.com,M,2008-8-17,0,,,,,
46,Ian,Gaviria,,1,ian652@gmail.com,M,2004-2-4,0,,,,,
47,Jose Diego,Montes,Jimenez,1,josediego385@gmail.com,M,2008-4-18,0,,,,,
48,Andres Sebastian,Camargo,,1,andressebastian882@gmail.com,M,2015-2-27,0,,,,,
49,Fernando Andres,Bettin,Guerra,1,fernandoandres154@gmail.com,M,2012-4-25,0,,,,,
50,Ana Silvia,Dominguez,,1,anasilvia479@gmail.com,F,2013-8-25,0,,,,,
51,Victor Raul,Posada,Hoyos,1,victorraul784@gmail.com,M,2014-2-15,0,,,,,
52,Lina Alejandra,Ozuna,,1,linaalejandra973@gmail.com,F,2010-8-17,0,,,,,
53,Laura Alexandra,Rodriguez,Piã‘Eres,1,lauraalexandra146@gmail.com,F,2005-12-28,0,,,,,
54,Sergio Alexander,Melendez,,1,sergioalexander391@gmail.com,M,2014-8-25,0,,,,,
55,Juan Guillermo,Vega,Martelo,1,juanguillermo606@gmail.com,M,2010-7-11,0,,,,,
56,Sandra Yulieth,Peinado,Aguas,1,sandrayulieth560@gmail.com,F,2008-8-17,0,,,,,
57,Cristian Javier,Clemente,,1,cristianjavier54@gmail.com,M,2006-6-15,0,,,,,
58,Sandra Eugenia,Sandoval,,1,sandraeugenia164@gmail.com,F,2015-9-14,0,,,,,
59,Hector Antonio,Narvaez,De Arrieta,1,hectorantonio903@gmail.com,M,2007-6-14,0,,,,,
60,Camilo Arturo,Montaã‘O,Paternina,1,camiloarturo332@gmail.com,M,2006-8-7,0,,,,,
61,Luisa Alejandra,Montes,Diaz,1,luisaalejandra147@gmail.com,F,2009-3-10,0,,,,,
62,Luis Eduardo,Guerra,,1,luiseduardo453@gmail.com,M,2006-11-23,0,,,,,
63,Lucas,Perez,Conde,1,lucas240@gmail.com,M,2015-8-21,0,,,,,
64,Mauricio Andres,De Paternina,Camargo,1,mauricioandres46@gmail.com,M,2013-4-6,0,,,,,
65,Luis Alfredo,Lobo,Martinez,1,luisalfredo412@gmail.com,M,2015-10-3,0,,,,,
66,Duvan,Paternina,,1,duvan209@gmail.com,M,2011-7-19,0,,,,,
67,Jhon Mario,Caballero,,1,jhonmario45@gmail.com,M,2011-8-12,0,,,,,
68,Claudia Andrea,Herazo,Flores,1,claudiaandrea171@gmail.com,F,2004-11-1,0,,,,,
69,Rosa Helena,Benitez,,1,rosahelena783@gmail.com,F,2015-12-14,0,,,,,
70,Magda Lorena,Parra,Juez,1,magdalorena142@gmail.com,F,2014-2-21,0,,,,,
71,Yessika,Osorio,Herazo,1,yessika95@gmail.com,F,2008-8-8,0,,,,,
72,Cecilia,Cardenas,,1,cecilia568@gmail.com,F,2006-8-25,0,,,,,
73,Pedro Manuel,Ricardo,Nisperuza,1,pedromanuel492@gmail.com,M,2010-3-1,0,,,,,
74,Beatriz Eugenia,Atencia,,1,beatrizeugenia500@gmail.com,F,2008-11-18,0,,,,,
75,William,Arrieta,Borja,1,william946@gmail.com,M,2004-2-26,0,,,,,
76,Jean Pierre,Perez,,1,jeanpierre870@gmail.com,M,2010-10-26,0,,,,,
77,Miller,Jimenez,Guerra,1,miller863@gmail.com,M,2007-10-14,0,,,,,
78,Alexandra Patricia,Hernandez,Calderon,1,alexandrapatricia106@gmail.com,F,2014-3-4,0,,,,,
79,Reinaldo Jesus,Perez,Carbajal,1,reinaldojesus139@gmail.com,M,2009-4-17,0,,,,,
80,Charles,Gonzalez,,1,charles659@gmail.com,M,2009-12-24,0,,,,,
81,Xiomara,Sierra,,1,xiomara256@gmail.com,F,2004-8-5,0,,,,,
82,Marta Elena,Romero,,1,martaelena679@gmail.com,F,2013-8-25,0,,,,,
83,Maria Emma,Guerrero,Martinez,1,mariaemma356@gmail.com,F,2007-11-8,0,,,,,
84,Hector Eduardo,Guerra,Jaraba,1,hectoreduardo438@gmail.com,M,2011-11-8,0,,,,,
85,Johan Fernando,Ruiz,,1,johanfernando92@gmail.com,M,2013-1-2,0,,,,,
86,John David,De La Rosa,Gutierrez,1,johndavid94@gmail.com,M,2005-3-19,0,,,,,
87,Oscar Julian,Lopez,,1,oscarjulian581@gmail.com,M,2014-11-15,0,,,,,
88,Maria Magdalena,Lopez,Luna,1,mariamagdalena225@gmail.com,F,2008-5-6,0,,,,,
89,Wilson Enrique,Arrieta,Chavez,1,wilsonenrique39@gmail.com,M,2008-12-13,0,,,,,
90,Jose Agustin,Martinez,Severiche,1,joseagustin169@gmail.com,M,2011-11-18,0,,,,,
91,Sandra Maria,Martinez,Herazo,1,sandramaria462@gmail.com,F,2009-12-1,0,,,,,
92,Felix Eduardo,Santos,Huerta,1,felixeduardo578@gmail.com,M,2004-3-22,0,,,,,
93,Blanca Margarita,Perez,,1,blancamargarita586@gmail.com,F,2005-2-15,0,,,,,
94,William Eduardo,Alvarez,,1,williameduardo313@gmail.com,M,2009-8-8,0,,,,,
95,Soraida,Herrera,De Paternina,1,soraida675@gmail.com,F,2011-11-23,0,,,,,
96,Lucelly,Huerta,Vasquez,1,lucelly142@gmail.com,F,2012-2-12,0,,,,,
97,Marisel,Nuã‘Ez,,1,marisel31@gmail.com,F,2010-10-17,0,,,,,
98,Jimmy Alexander,Asendra,Vergara,1,jimmyalexander783@gmail.com,M,2009-7-16,0,,,,,
99,Laura Manuela,Siolo,Lidueã‘A,1,lauramanuela493@gmail.com,F,2009-4-14,0,,,,,
100,Johana Andrea,Alvarez,Martinez,1,johanaandrea947@gmail.com,F,2013-12-6,0,,,,,
101,Giovanny,Coronado,Hernandez,1,giovanny992@gmail.com,M,2014-8-14,0,,,,,
102,Ana Victoria,Canchila,,1,anavictoria442@gmail.com,F,2007-9-24,0,,,,,
103,Vladimir,Vega,,1,vladimir363@gmail.com,M,2012-5-27,0,,,,,
104,Monica Alejandra,Alvarez,Hernandez,1,monicaalejandra187@gmail.com,F,2010-8-27,0,,,,,
105,Erika,Herrera,,1,erika994@gmail.com,F,2004-11-3,0,,,,,
106,Ana Catalina,Altamiranda,Bertel,1,anacatalina418@gmail.com,F,2015-12-28,0,,,,,
107,Jose Carmen,Calderon,,1,josecarmen458@gmail.com,M,2005-3-13,0,,,,,
108,Yalile,Mendez,Romero,1,yalile590@gmail.com,F,2005-1-23,0,,,,,
109,Jhon Freddy,Montalvo,Karol,1,jhonfreddy837@gmail.com,M,2008-12-14,0,,,,,
110,Maria Aracelly,Acosta,,1,mariaaracelly64@gmail.com,F,2010-7-19,0,,,,,
111,Amalfi,Suarez,Barreto,1,amalfi342@gmail.com,F,2006-5-5,0,,,,,
112,German Alberto,Meriã‘O,,1,germanalberto287@gmail.com,M,2008-3-22,0,,,,,
113,Yessica Alexandra,Naranjo,,1,yessicaalexandra99@gmail.com,F,2008-6-27,0,,,,,
114,Vanessa,Diaz,Loarte,1,vanessa350@gmail.com,F,2015-6-16,0,,,,,
115,John Fredy,Carrascal,,1,johnfredy857@gmail.com,M,2005-4-26,0,,,,,
116,Jean Pierre,Sequeda,,1,jeanpierre123@gmail.com,M,2008-7-3,0,,,,,
117,Maria Lucero,Lara,,1,marialucero394@gmail.com,F,2007-11-5,0,,,,,
118,Deiby,Barboza,,1,deiby835@gmail.com,M,2013-5-20,0,,,,,
119,Johana Marcela,Romero,Nuã‘Ez,1,johanamarcela468@gmail.com,F,2006-5-9,0,,,,,
120,Fernando Andres,Mercado,,1,fernandoandres104@gmail.com,M,2010-10-7,0,,,,,
121,Carlos,Benitez,Padilla,1,carlos14@gmail.com,M,2015-5-8,0,,,,,
122,John Javier,Cordoba,Bermudez,1,johnjavier488@gmail.com,M,2012-12-14,0,,,,,
123,Maria Esther,Fernandez,Florez,1,mariaesther443@gmail.com,F,2012-12-25,0,,,,,
124,Maria Lourdes,Ruiz,,1,marialourdes380@gmail.com,F,2009-1-10,0,,,,,
125,Arles,Perez,Ospina,1,arles283@gmail.com,M,2008-4-10,0,,,,,
126,Luis David,Molinares,Leguia,1,luisdavid852@gmail.com,M,2009-2-28,0,,,,,
127,Giovanny Alexander,Berrio,Aleman,1,giovannyalexander787@gmail.com,M,2014-9-8,0,,,,,
128,Javier Felipe,Ortega,,1,javierfelipe499@gmail.com,M,2010-6-14,0,,,,,
129,Maria Daniela,Barreto,Montalvo,1,mariadaniela831@gmail.com,F,2015-5-19,0,,,,,
130,Karen Sofia,Montes,Aconcho,1,karensofia693@gmail.com,F,2007-7-14,0,,,,,
131,Erika Johana,Morales,,1,erikajohana856@gmail.com,F,2012-12-13,0,,,,,
132,Emilce,Reyes,,1,emilce895@gmail.com,F,2013-5-14,0,,,,,
133,Ezequiel,Marin,,1,ezequiel312@gmail.com,M,2007-4-17,0,,,,,
134,Ana Libia,Borja,Pacheco,1,analibia408@gmail.com,F,2007-6-27,0,,,,,
135,Guido,Rodriguez,,1,guido688@gmail.com,M,2015-12-14,0,,,,,
136,Ï»¿Sandra Milena,Pereira,,1,ï»¿sandramilena460@gmail.com,F,2010-1-26,0,,,,,
137,Adriana Patricia,Lidueã‘A,Juez,1,adrianapatricia18@gmail.com,F,2007-3-5,0,,,,,
138,Oscar Julian,Marquez,Martinez,1,oscarjulian165@gmail.com,M,2012-1-3,0,,,,,
139,Jaime Augusto,Arroyave,,1,jaimeaugusto524@gmail.com,M,2013-5-18,0,,,,,
140,Marta Liliana,Torres,Pacheco,1,martaliliana333@gmail.com,F,2013-8-16,0,,,,,
141,David Mauricio,Montalvo,Salazar,1,davidmauricio562@gmail.com,M,2009-8-17,0,,,,,
142,Claudia Milena,Lara,Martinez,1,claudiamilena179@gmail.com,F,2004-3-26,0,,,,,
143,Willington,Herazo,,1,willington136@gmail.com,M,2007-7-27,0,,,,,
144,John Sebastian,Cardenas,Ortega,1,johnsebastian21@gmail.com,M,2011-10-17,0,,,,,
145,Marco,Barreto,Martinez,1,marco449@gmail.com,M,2015-6-16,0,,,,,
146,Edgar Humberto,Rios,,1,edgarhumberto95@gmail.com,M,2013-1-4,0,,,,,
147,Victor Manuel,Benitez,Martinez,1,victormanuel357@gmail.com,M,2013-11-23,0,,,,,
148,Alexander,Navarro,,1,alexander330@gmail.com,M,2006-5-11,0,,,,,
149,Libia Maria,Romero,Mercado,1,libiamaria134@gmail.com,F,2014-2-2,0,,,,,
150,Irma,De Dominguez,Galeano,1,irma207@gmail.com,F,2009-1-18,0,,,,,
151,Jeison,Severiche,Toro,1,jeison152@gmail.com,M,2010-12-7,0,,,,,
152,Irene,Navarro,,1,irene275@gmail.com,F,2011-9-15,0,,,,,
153,Ariel,Suarez,,1,ariel435@gmail.com,M,2011-1-2,0,,,,,
154,Nicolas,Martinez,Mercado,1,nicolas204@gmail.com,M,2008-8-7,0,,,,,
155,Sebastian Felipe,Sierra,,1,sebastianfelipe830@gmail.com,M,2005-2-18,0,,,,,
156,Gladis,Murillo,,1,gladis161@gmail.com,F,2007-11-22,0,,,,,
157,Angela Lucia,Salcedo,Jimenez,1,angelalucia542@gmail.com,F,2015-10-4,0,,,,,
158,Maria Gladys,Peã‘Afiel,,1,mariagladys326@gmail.com,F,2015-7-19,0,,,,,
159,Juana Valentina,Arias,,1,juanavalentina579@gmail.com,F,2014-10-5,0,,,,,
160,Yina Paola,Ricardo,Sandoval,1,yinapaola606@gmail.com,F,2013-1-17,0,,,,,
161,Braian,Blanquicet,,1,braian972@gmail.com,M,2015-7-25,0,,,,,
162,Karol,Arias,Vergara,1,karol420@gmail.com,F,2006-5-16,0,,,,,
163,German David,Ruiz,Fonseca,1,germandavid938@gmail.com,M,2008-12-18,0,,,,,
164,Nerea,Herrera,,1,nerea133@gmail.com,F,2012-7-1,0,,,,,
165,Cindy Lorena,Ramos,Garcia,1,cindylorena237@gmail.com,F,2015-4-9,0,,,,,
166,Yurani,Garcia,Castro,1,yurani152@gmail.com,F,2007-1-12,0,,,,,
167,Hernando Jesus,Arias,Triana,1,hernandojesus589@gmail.com,M,2005-2-27,0,,,,,
168,Alba Nubia,Pila,Diaz,1,albanubia677@gmail.com,F,2007-6-4,0,,,,,
169,Michell,Julio,,1,michell138@gmail.com,F,2013-5-17,0,,,,,
170,Jhon Faber,Hoyos,,1,jhonfaber405@gmail.com,M,2015-8-12,0,,,,,
171,Yenifer,Mestra,,1,yenifer137@gmail.com,F,2006-4-1,0,,,,,
172,Hernando,Arias,Altamar,1,hernando619@gmail.com,M,2006-4-25,0,,,,,
173,Camilo Arturo,Cuadros,,1,camiloarturo669@gmail.com,M,2005-1-20,0,,,,,
174,Tatiana Marcela,Ojeda,Diaz,1,tatianamarcela720@gmail.com,F,2010-6-27,0,,,,,
175,Joseph,Torres,,1,joseph34@gmail.com,M,2006-10-14,0,,,,,
176,Carlos Felipe,Rocha,,1,carlosfelipe612@gmail.com,M,2008-9-23,0,,,,,
177,Leidy Daniela,Marquez,Rodriguez,1,leidydaniela757@gmail.com,F,2013-4-2,0,,,,,
178,Gloria,Farrayans,,1,gloria371@gmail.com,F,2013-1-27,0,,,,,
179,Jose William,Rodriguez,,1,josewilliam702@gmail.com,M,2014-5-4,0,,,,,
180,Alba Ines,Diaz,,1,albaines294@gmail.com,F,2005-11-13,0,,,,,
181,Yerson,Morales,Perez,1,yerson468@gmail.com,M,2010-11-13,0,,,,,
182,Gloria Cecilia,Diaz,Rodelo,1,gloriacecilia402@gmail.com,F,2008-5-23,0,,,,,
183,Cristhian Eduardo,Castro,,1,cristhianeduardo625@gmail.com,M,2013-2-6,0,,,,,
184,Oscar Javier,Alvarez,,1,oscarjavier183@gmail.com,M,2007-5-27,0,,,,,
185,Abraham,Diaz,,1,abraham890@gmail.com,M,2013-8-4,0,,,,,
186,Ernesto Jesus,Diã‘Eres,Simanca,1,ernestojesus889@gmail.com,M,2008-1-17,0,,,,,
187,Luz Enith,Paternina,,1,luzenith416@gmail.com,F,2011-7-3,0,,,,,
188,Jhon James,De Medrano,Chavez,1,jhonjames655@gmail.com,M,2007-3-17,0,,,,,
189,Nolberto,Perez,,1,nolberto681@gmail.com,M,2005-7-8,0,,,,,
190,Ernesto Jesus,Ricardo,,1,ernestojesus7@gmail.com,M,2009-5-7,0,,,,,
191,Salome,Fernandez,,1,salome523@gmail.com,F,2015-8-28,0,,,,,
192,Liliana Andrea,Menco,,1,lilianaandrea963@gmail.com,F,2015-6-8,0,,,,,
193,Aura Maria,Narvaez,,1,auramaria638@gmail.com,F,2015-5-9,0,,,,,
194,Rafael Angel,Barreto,Olivera,1,rafaelangel215@gmail.com,M,2005-8-27,0,,,,,
195,Jean Pierre,Berrio,Diã‘Eres,1,jeanpierre84@gmail.com,M,2005-6-15,0,,,,,
196,Alba Rocio,Soto,Arrieta,1,albarocio351@gmail.com,F,2015-3-26,0,,,,,
197,Julian Ricardo,Mercado,Martinez,1,julianricardo785@gmail.com,M,2012-2-5,0,,,,,
198,Esperanza,Ortega,,1,esperanza991@gmail.com,F,2015-4-28,0,,,,,
199,Farid,Sandoval,,1,farid491@gmail.com,M,2005-6-17,0,,,,,
200,Kelly Tatiana,Villa,,1,kellytatiana361@gmail.com,F,2008-4-14,0,,,,,
201,Blanca Doris,Corrales,,1,blancadoris782@gmail.com,F,2005-2-13,0,,,,,
202,Wilber,Osorio,,1,wilber978@gmail.com,M,2012-8-21,0,,,,,
203,Juan Rafael,Ortiz,,1,juanrafael348@gmail.com,M,2004-4-24,0,,,,,
204,Edwin Alejandro,Barragan,,1,edwinalejandro839@gmail.com,M,2008-3-19,0,,,,,
205,Bertha Lucia,Imitola,,1,berthalucia704@gmail.com,F,2014-11-17,0,,,,,
206,Horacio,Vergara,Santos,1,horacio74@gmail.com,M,2009-12-3,0,,,,,
207,David Andres,Pacheco,,1,davidandres962@gmail.com,M,2013-11-19,0,,,,,
208,Sonia Patricia,De Mejia,Rodriguez,1,soniapatricia169@gmail.com,F,2012-11-8,0,,,,,
209,Miguel Eduardo,Bertel,Rodriguez,1,migueleduardo421@gmail.com,M,2006-12-22,0,,,,,
210,Danny Alexander,Zuã‘Iga,,1,dannyalexander742@gmail.com,M,2005-3-25,0,,,,,
211,Sonia Andrea,Castillo,Mangones,1,soniaandrea634@gmail.com,F,2004-12-17,0,,,,,
212,Steven,Diaz,,1,steven534@gmail.com,M,2008-2-26,0,,,,,
213,Ramon Alberto,Cardenas,Leiton,1,ramonalberto119@gmail.com,M,2004-4-18,0,,,,,
214,Evelyn,Monterroza,,1,evelyn11@gmail.com,F,2015-2-17,0,,,,,
215,Jose Giovanny,Parra,Eliaz,1,josegiovanny756@gmail.com,M,2008-5-14,0,,,,,
216,Lilia Maria,Camargo,Londoã‘O,1,liliamaria882@gmail.com,F,2005-5-7,0,,,,,
217,Ademir,Atencia,Herrera,1,ademir54@gmail.com,M,2012-6-10,0,,,,,
218,Oscar Adolfo,Perez,Barrios,1,oscaradolfo378@gmail.com,M,2015-4-13,0,,,,,
219,Viviana Alexandra,Sanchez,Herazo,1,vivianaalexandra364@gmail.com,F,2005-6-20,0,,,,,
220,John Edison,Diaz,,1,johnedison986@gmail.com,M,2013-3-14,0,,,,,
221,Yadira,Corpas,Muã‘Oz,1,yadira630@gmail.com,F,2012-5-3,0,,,,,
222,Jhon Mario,Arias,Perez,1,jhonmario402@gmail.com,M,2010-10-26,0,,,,,
223,Jair,Pacheco,,1,jair629@gmail.com,M,2010-6-20,0,,,,,
224,Elsa,Marquez,Monterroza,1,elsa158@gmail.com,F,2015-4-17,0,,,,,
225,Luis Gilberto,Osorio,,1,luisgilberto921@gmail.com,M,2010-4-19,0,,,,,
226,Steven Andres,Altamiranda,Julio,1,stevenandres86@gmail.com,M,2009-4-6,0,,,,,
227,Jessica Alejandra,Martinez,,1,jessicaalejandra141@gmail.com,F,2004-12-10,0,,,,,
228,Arlex,Jaraba,,1,arlex169@gmail.com,M,2013-5-1,0,,,,,
229,Yeison,Ruiz,,1,yeison609@gmail.com,M,2005-10-24,0,,,,,
230,Freddy Alberto,Agudelo,,1,freddyalberto702@gmail.com,M,2008-2-22,0,,,,,
231,Mayra Alexandra,Caldera,Angulo,1,mayraalexandra327@gmail.com,F,2010-2-18,0,,,,,
232,Jose Saul,Teran,Ayala,1,josesaul539@gmail.com,M,2011-7-19,0,,,,,
233,Gerardo Antonio,Mercado,,1,gerardoantonio333@gmail.com,M,2010-5-27,0,,,,,
234,Jorge Anibal,Villa,,1,jorgeanibal426@gmail.com,M,2010-4-19,0,,,,,
235,Miguel Alberto,Novoa,Arias,1,miguelalberto445@gmail.com,M,2006-12-23,0,,,,,
236,Lilibeth,Romero,,1,lilibeth864@gmail.com,F,2010-8-18,0,,,,,
237,Maria Susana,Hurtado,,1,mariasusana21@gmail.com,F,2004-10-2,0,,,,,
238,Cesar,Olivera,,1,cesar158@gmail.com,M,2008-9-17,0,,,,,
239,Jeison Alexander,Chavez,Murillo,1,jeisonalexander332@gmail.com,M,2009-5-13,0,,,,,
240,Carmen Elisa,Camargo,,1,carmenelisa411@gmail.com,F,2014-7-19,0,,,,,
241,Brayan Stiven,Melendres,Diaz,1,brayanstiven448@gmail.com,M,2012-6-20,0,,,,,
242,Maricela,Meza,Luna,1,maricela350@gmail.com,F,2005-9-12,0,,,,,
243,Hector Eduardo,De Vides,Hernandez,1,hectoreduardo885@gmail.com,M,2010-10-7,0,,,,,
244,Danna,Ramos,Acevedo,1,danna651@gmail.com,F,2015-11-28,0,,,,,
245,Cristian Leonardo,Paternina,Pacheco,1,cristianleonardo417@gmail.com,M,2009-3-14,0,,,,,
246,Oscar Enrique,Diaz,,1,oscarenrique538@gmail.com,M,2004-6-16,0,,,,,
247,Laura Camila,Mendoza,Ensuncho,1,lauracamila672@gmail.com,F,2014-10-4,0,,,,,
248,Norbey,Herrera,,1,norbey751@gmail.com,M,2007-12-24,0,,,,,
249,Yasmin,Berrio,Cardenas,1,yasmin888@gmail.com,F,2011-2-19,0,,,,,
250,Ricardo Alfonso,Acosta,Martinez,1,ricardoalfonso841@gmail.com,M,2009-1-13,0,,,,,
251,Diana Janeth,Naar,Mercado,1,dianajaneth747@gmail.com,F,2014-7-19,0,,,,,
252,Gustavo Jesus,Higuita,Martinez,1,gustavojesus375@gmail.com,M,2015-2-22,0,,,,,
253,Carlos Esteban,Alvarez,,1,carlosesteban881@gmail.com,M,2006-4-26,0,,,,,
254,Andres Alfonso,Polo,,1,andresalfonso449@gmail.com,M,2013-10-19,0,,,,,
255,Danna Sofia,Camargo,,1,dannasofia732@gmail.com,F,2014-3-2,0,,,,,
256,David Julian,Valle,Garay,1,davidjulian731@gmail.com,M,2007-4-15,0,,,,,
257,Jorge Isaac,Ruiz,,1,jorgeisaac62@gmail.com,M,2013-3-3,0,,,,,
258,Julio,Espitia,,1,julio984@gmail.com,M,2011-11-25,0,,,,,
259,Roger Alexander,Ortega,,1,rogeralexander489@gmail.com,M,2007-4-7,0,,,,,
260,Luis Henry,Ortiz,,1,luishenry517@gmail.com,M,2005-3-11,0,,,,,
261,Marcela Pilar,Carrascal,Gonzalez,1,marcelapilar664@gmail.com,F,2005-2-10,0,,,,,
262,Yovanna,Suarez,Balcazar,1,yovanna994@gmail.com,F,2010-9-21,0,,,,,
263,Rodolfo Andres,Salcedo,,1,rodolfoandres966@gmail.com,M,2010-8-26,0,,,,,
264,Eliana Marcela,Avila,Mendivil,1,elianamarcela228@gmail.com,F,2013-7-11,0,,,,,
265,Fabio Antonio,Calvo,,1,fabioantonio304@gmail.com,M,2010-2-15,0,,,,,
266,Rocio,Diaz,,1,rocio689@gmail.com,F,2008-4-13,0,,,,,
267,Ï»¿Sandra Milena,Arrieta,,1,ï»¿sandramilena69@gmail.com,F,2006-2-1,0,,,,,
268,Diana Pilar,Rivero,Martinez,1,dianapilar184@gmail.com,F,2005-1-15,0,,,,,
269,William Antonio,Cardenas,Canchila,1,williamantonio762@gmail.com,M,2008-3-14,0,,,,,
270,Leidy Alejandra,Martinez,Contreras,1,leidyalejandra993@gmail.com,F,2005-12-25,0,,,,,
271,Jose Henry,Tamara,,1,josehenry728@gmail.com,M,2011-12-11,0,,,,,
272,Carmen Julia,Romero,Narvaez,1,carmenjulia743@gmail.com,F,2010-8-26,0,,,,,
273,Marilin,Perez,Leiton,1,marilin279@gmail.com,F,2011-11-9,0,,,,,
274,Claudia Lorena,Barreto,,1,claudialorena17@gmail.com,F,2014-5-13,0,,,,,
275,Carmen Emilia,Gonzalez,Clemente,1,carmenemilia797@gmail.com,F,2014-2-20,0,,,,,
276,Julian Dario,Romero,Viera,1,juliandario34@gmail.com,M,2015-3-26,0,,,,,
277,Liliana Maria,Nuã‘Ez,Marquez,1,lilianamaria311@gmail.com,F,2011-6-13,0,,,,,
278,Gustavo Alfonso,Gamarra,Reyes,1,gustavoalfonso933@gmail.com,M,2011-9-21,0,,,,,
279,Alexis,Viera,Ossa,1,alexis719@gmail.com,M,2012-3-19,0,,,,,
280,Wilson Javier,Simanca,Martinez,1,wilsonjavier982@gmail.com,M,2008-7-28,0,,,,,
281,July Andrea,Espitia,,1,julyandrea71@gmail.com,F,2011-4-3,0,,,,,
282,Nicole,Gomez,,1,nicole266@gmail.com,F,2005-1-12,0,,,,,
283,Luis Albeiro,Diaz,Cuello,1,luisalbeiro538@gmail.com,M,2007-10-5,0,,,,,
284,Cesar Alberto,Alvarez,Marquez,1,cesaralberto904@gmail.com,M,2012-7-2,0,,,,,
285,Wilmer Andres,Teheran,Arias,1,wilmerandres713@gmail.com,M,2014-5-9,0,,,,,
286,Norman,Salazar,,1,norman240@gmail.com,M,2013-7-25,0,,,,,
287,Leidy Yuliana,Ragel,,1,leidyyuliana875@gmail.com,F,2015-12-20,0,,,,,
288,Libia Maria,Avila,,1,libiamaria188@gmail.com,F,2013-3-6,0,,,,,
289,Marco Antonio,Blanco,,1,marcoantonio928@gmail.com,M,2008-4-10,0,,,,,
290,Leidy Johana,Hernandez,Herrera,1,leidyjohana897@gmail.com,F,2004-5-16,0,,,,,
291,Leidy Yuliana,Gamboa,,1,leidyyuliana188@gmail.com,F,2010-7-18,0,,,,,
292,Elvia Maria,Cabrera,,1,elviamaria885@gmail.com,F,2005-5-8,0,,,,,
293,Hector Manuel,Sierra,,1,hectormanuel341@gmail.com,M,2011-10-28,0,,,,,
294,Jaime Alejandro,Carvajal,,1,jaimealejandro172@gmail.com,M,2013-1-24,0,,,,,
295,Maria Marcela,Villadiego,Conde,1,mariamarcela525@gmail.com,F,2007-11-3,0,,,,,
296,Laura Ximena,Peralta,Diaz,1,lauraximena849@gmail.com,F,2007-9-18,0,,,,,
297,Natalia,Angulo,,1,natalia206@gmail.com,F,2012-4-19,0,,,,,
298,Olga Lucia,Santiago,,1,olgalucia173@gmail.com,F,2010-10-1,0,,,,,
299,Maria Alexandra,Mercado,Blanco,1,mariaalexandra764@gmail.com,F,2012-12-21,0,,,,,
300,Rosmira,Contreras,Hoyos,1,rosmira429@gmail.com,F,2008-12-28,0,,,,,
301,David Ricardo,Merlano,Mestra,1,davidricardo552@gmail.com,M,2012-11-27,0,,,,,
302,Javier Andres,Acosta,Paternina,1,javierandres486@gmail.com,M,2013-11-26,0,,,,,
303,Gian Carlo,Contreras,,1,giancarlo488@gmail.com,M,2010-5-22,0,,,,,
304,Gloria Elena,Sierra,Camargo,1,gloriaelena890@gmail.com,F,2014-2-7,0,,,,,
305,Maria Esneda,De Garrido,Montes,1,mariaesneda660@gmail.com,F,2015-5-4,0,,,,,
306,Alcides,Rodriguez,,1,alcides848@gmail.com,M,2009-10-16,0,,,,,
307,Maria Nora,Mercado,Leones,1,marianora837@gmail.com,F,2008-5-11,0,,,,,
308,Yurany,Rodriguez,,1,yurany204@gmail.com,F,2006-11-28,0,,,,,
309,Nelson Jesus,Villero,,1,nelsonjesus42@gmail.com,M,2006-1-17,0,,,,,
310,Jose Rafael,Hoyos,,1,joserafael648@gmail.com,M,2012-8-17,0,,,,,
311,Leidy Katherine,Martinez,,1,leidykatherine623@gmail.com,F,2012-8-15,0,,,,,
312,Sandra,Arias,Lara,1,sandra657@gmail.com,F,2009-1-25,0,,,,,
313,Cristian Javier,Lambraã‘O,Martinez,1,cristianjavier697@gmail.com,M,2012-7-14,0,,,,,
314,Jacob,Meza,,1,jacob948@gmail.com,M,2013-8-15,0,,,,,
315,Carlos Fabian,Perez,Soto,1,carlosfabian681@gmail.com,M,2014-4-1,0,,,,,
316,Gustavo Alonso,Ayala,Mora,1,gustavoalonso126@gmail.com,M,2010-4-16,0,,,,,
317,Nerea,Paternina,Quiã‘Onez,1,nerea861@gmail.com,F,2014-9-11,0,,,,,
318,Martha Ruth,Mercado,Villalba,1,martharuth904@gmail.com,F,2013-11-15,0,,,,,
319,Jesus Orlando,Benitez,Machacado,1,jesusorlando78@gmail.com,M,2011-1-18,0,,,,,
320,Jesus Maria,Martinez,Marquez,1,jesusmaria322@gmail.com,M,2012-11-12,0,,,,,
321,Jose Oscar,Cabrera,Castillo,1,joseoscar351@gmail.com,M,2004-10-21,0,,,,,
322,William Andres,Sierra,Perez,1,williamandres158@gmail.com,M,2005-12-15,0,,,,,
323,Cristobal,Arrieta,,1,cristobal923@gmail.com,M,2005-8-28,0,,,,,
324,Jairo Alexander,Vargas,,1,jairoalexander356@gmail.com,M,2009-6-6,0,,,,,
325,Dora Lilia,Hernandez,,1,doralilia722@gmail.com,F,2010-3-7,0,,,,,
326,Maria Cielo,Arroyave,Chamorro,1,mariacielo7@gmail.com,F,2005-4-23,0,,,,,
327,Cristian Daniel,Mendez,Reyes,1,cristiandaniel213@gmail.com,M,2009-1-3,0,,,,,
328,Isabella,Solar,,1,isabella252@gmail.com,F,2010-8-12,0,,,,,
329,Milena,Rodriguez,Cardenas,1,milena911@gmail.com,F,2010-5-15,0,,,,,
330,Diana Luz,Salcedo,,1,dianaluz299@gmail.com,F,2009-7-16,0,,,,,
331,Diana Cristina,Mendez,,1,dianacristina932@gmail.com,F,2005-1-16,0,,,,,
332,Sandra Rocio,Osorio,,1,sandrarocio641@gmail.com,F,2012-7-19,0,,,,,
333,Maria Elvia,Zapata,,1,mariaelvia114@gmail.com,F,2007-3-28,0,,,,,
334,Norma,Dias,,1,norma491@gmail.com,F,2008-9-27,0,,,,,
335,Maria Valentina,Castro,Bolivar,1,mariavalentina375@gmail.com,F,2004-7-1,0,,,,,
336,Andres Alexander,Anaya,Tuiran,1,andresalexander466@gmail.com,M,2009-8-24,0,,,,,
337,Diana Esperanza,Solano,Contreras,1,dianaesperanza678@gmail.com,F,2009-6-7,0,,,,,
338,Maria Margarita,Karol,Hernandez,1,mariamargarita355@gmail.com,F,2009-12-5,0,,,,,
339,Hector Enrique,Lopez,Villadiego,1,hectorenrique574@gmail.com,M,2013-12-20,0,,,,,
340,Ferney,Clemente,Aguas,1,ferney377@gmail.com,M,2004-1-9,0,,,,,
341,Clara Patricia,Fuentes,,1,clarapatricia47@gmail.com,F,2004-6-20,0,,,,,
342,John Edward,Hernandez,,1,johnedward184@gmail.com,M,2014-8-14,0,,,,,
343,Marley,Sanchez,,1,marley348@gmail.com,F,2009-11-25,0,,,,,
344,Daniela Maria,Vanegas,Carrascal,1,danielamaria470@gmail.com,F,2005-3-22,0,,,,,
345,Monica Cecilia,Monterroza,Alvarez,1,monicacecilia201@gmail.com,F,2015-3-25,0,,,,,
346,Diego Alonso,Villero,,1,diegoalonso379@gmail.com,M,2011-9-18,0,,,,,
347,Sebastian Camilo,Osta,,1,sebastiancamilo16@gmail.com,M,2009-11-27,0,,,,,
348,Yesica Lorena,Castro,,1,yesicalorena893@gmail.com,F,2014-1-3,0,,,,,
349,Hugo Hernan,Rojas,,1,hugohernan978@gmail.com,M,2010-2-26,0,,,,,
350,Dora Luz,Mercado,Bustamante,1,doraluz144@gmail.com,F,2005-3-22,0,,,,,
351,Jose Santiago,Arias,Merlano,1,josesantiago753@gmail.com,M,2005-1-10,0,,,,,
352,Felipe,Romero,Marin,1,felipe343@gmail.com,M,2006-2-15,0,,,,,
353,Benilda,Osuna,Hernandez,1,benilda715@gmail.com,F,2006-6-13,0,,,,,
354,Paula Tatiana,Angulo,,1,paulatatiana404@gmail.com,F,2015-1-23,0,,,,,
355,Didier,Correa,Jimenez,1,didier125@gmail.com,M,2004-6-9,0,,,,,
356,Adolfo Leon,Marquez,Camargo,1,adolfoleon544@gmail.com,M,2010-7-4,0,,,,,
357,Marco,Teheran,Leyva,1,marco68@gmail.com,M,2011-2-12,0,,,,,
358,Martin Eduardo,Buelvas,Ponce,1,martineduardo444@gmail.com,M,2005-5-7,0,,,,,
359,Jose Walter,Castillo,,1,josewalter205@gmail.com,M,2011-10-4,0,,,,,
360,Alba Rosa,Geres,Soto,1,albarosa622@gmail.com,F,2010-3-25,0,,,,,
361,Luis Gonzaga,Navarro,,1,luisgonzaga26@gmail.com,M,2007-6-23,0,,,,,
362,Harol,Galindo,Cardenas,1,harol335@gmail.com,M,2012-8-2,0,,,,,
363,Luis,Gonzalez,,1,luis486@gmail.com,M,2006-3-23,0,,,,,
364,Sandro,Flores,Hurtado,1,sandro422@gmail.com,M,2007-6-24,0,,,,,
365,Lina Patricia,Alvarez,,1,linapatricia916@gmail.com,F,2004-11-25,0,,,,,
366,Danny Alexander,Villalba,,1,dannyalexander7@gmail.com,M,2011-2-6,0,,,,,
367,Pamela,Lopez,,1,pamela968@gmail.com,F,2004-7-24,0,,,,,
368,Ingrid Katherine,Villadiego,,1,ingridkatherine926@gmail.com,F,2013-7-25,0,,,,,
369,Blanca Luz,Ortiz,Bohorquez,1,blancaluz696@gmail.com,F,2014-5-4,0,,,,,
370,Guillermo Alfonso,Vergara,Mercado,1,guillermoalfonso251@gmail.com,M,2011-6-12,0,,,,,
371,Maria Deisy,Suarez,Castro,1,mariadeisy793@gmail.com,F,2007-1-18,0,,,,,
372,Vilma,Villadiego,Chamorro,1,vilma481@gmail.com,F,2009-9-14,0,,,,,
373,Noelia,Villa,,1,noelia569@gmail.com,F,2013-5-19,0,,,,,
374,Dario Antonio,Murillo,,1,darioantonio260@gmail.com,M,2010-11-17,0,,,,,
375,Dora Luz,Gamboa,,1,doraluz258@gmail.com,F,2009-6-24,0,,,,,
376,Valery,Barrera,,1,valery308@gmail.com,F,2010-7-3,0,,,,,
377,Maria Cielo,Ricardo,Serpa,1,mariacielo511@gmail.com,F,2008-12-11,0,,,,,
378,Rubiela,Montes,,1,rubiela761@gmail.com,F,2009-11-28,0,,,,,
379,Heriberto Jesus,Zuã‘Iga,,1,heribertojesus151@gmail.com,M,2014-8-14,0,,,,,
380,Luz Mabel,Polo,Escobar,1,luzmabel595@gmail.com,F,2014-8-18,0,,,,,
381,Ian,Narvaez,,1,ian45@gmail.com,M,2013-12-22,0,,,,,
382,Karen Andrea,Chamorro,,1,karenandrea822@gmail.com,F,2011-7-14,0,,,,,
383,Blanca Ruby,Rivero,Mendivil,1,blancaruby232@gmail.com,F,2012-11-8,0,,,,,
384,Jhan Carlos,Bohorquez,Romero,1,jhancarlos251@gmail.com,M,2007-9-24,0,,,,,
385,Jose German,Reyes,Campo,1,josegerman829@gmail.com,M,2009-3-9,0,,,,,
386,Diana Catalina,Gomez,Carrascal,1,dianacatalina127@gmail.com,F,2006-11-6,0,,,,,
387,Ivan,Ruiz,,1,ivan868@gmail.com,M,2004-11-4,0,,,,,
388,Martha Liliana,Martinez,,1,marthaliliana733@gmail.com,F,2010-4-15,0,,,,,
389,Maria Jesus,Narvaez,,1,mariajesus538@gmail.com,F,2007-9-7,0,,,,,
390,Maria Elsa,Avilez,,1,mariaelsa780@gmail.com,F,2012-9-20,0,,,,,
391,Gustavo Alonso,Contreras,,1,gustavoalonso414@gmail.com,M,2013-11-6,0,,,,,
392,Arturo,Sepulveda,,1,arturo510@gmail.com,M,2010-1-2,0,,,,,
393,Kevin Sebastian,Herazo,,1,kevinsebastian385@gmail.com,M,2007-12-27,0,,,,,
394,Angela Cristina,Hernandez,,1,angelacristina847@gmail.com,F,2013-1-17,0,,,,,
395,Hugo Armando,Buelvas,Fonseca,1,hugoarmando497@gmail.com,M,2013-8-11,0,,,,,
396,Maria Marlene,Pedroza,Lagares,1,mariamarlene537@gmail.com,F,2011-1-10,0,,,,,
397,Claudia Margarita,Acosta,,1,claudiamargarita499@gmail.com,F,2012-7-27,0,,,,,
398,Daniel Eduardo,Arrieta,,1,danieleduardo39@gmail.com,M,2009-3-8,0,,,,,
399,Gustavo Alonso,Hernandez,,1,gustavoalonso2@gmail.com,M,2006-10-18,0,,,,,
400,Cruz Elena,Benitez,,1,cruzelena55@gmail.com,F,2012-11-3,0,,,,,
401,Alberto Mario,Peralta,Polo,1,albertomario329@gmail.com,M,2007-12-6,0,,,,,
402,Fabian Mauricio,De Vergara,,1,fabianmauricio716@gmail.com,M,2014-9-15,0,,,,,
403,Claudia Alejandra,Oviedo,Basilio,1,claudiaalejandra205@gmail.com,F,2011-11-2,0,,,,,
404,Natalia Alejandra,Arroyo,Benitez,1,nataliaalejandra720@gmail.com,F,2004-5-4,0,,,,,
405,Tatiana Marcela,Martinez,Rocha,1,tatianamarcela23@gmail.com,F,2012-8-24,0,,,,,
406,Olga Marina,Leiton,De Arias,1,olgamarina880@gmail.com,F,2013-3-23,0,,,,,
407,Jonathan,De La Ossa,Jaraba,1,jonathan659@gmail.com,M,2005-1-14,0,,,,,
408,Lorenza,De Avila,Olivero,1,lorenza782@gmail.com,F,2009-6-28,0,,,,,
409,Luis Guillermo,Martinez,,1,luisguillermo309@gmail.com,M,2007-10-8,0,,,,,
410,Claudia Rocio,Vergara,Ortega,1,claudiarocio85@gmail.com,F,2010-4-4,0,,,,,
411,Kevin Alejandro,Martinez,Rodriguez,1,kevinalejandro105@gmail.com,M,2005-3-21,0,,,,,
412,Rocio Pilar,Camargo,Bohorquez,1,rociopilar825@gmail.com,F,2014-2-14,0,,,,,
413,Karen Melissa,Hoyos,,1,karenmelissa669@gmail.com,F,2008-9-19,0,,,,,
414,Paula Cristina,Herrera,,1,paulacristina541@gmail.com,F,2009-1-25,0,,,,,
415,Madeleine,Hernandez,Vanegas,1,madeleine966@gmail.com,F,2015-4-23,0,,,,,
416,Aidee,Vasquez,,1,aidee991@gmail.com,F,2009-9-12,0,,,,,
417,Marta Ines,Tejada,,1,martaines449@gmail.com,F,2013-2-20,0,,,,,
418,Zuleima,Arias,Navarro,1,zuleima334@gmail.com,F,2010-4-14,0,,,,,
419,Myriam,Torres,,1,myriam64@gmail.com,F,2005-2-2,0,,,,,
420,Sara,Uragama,,1,sara859@gmail.com,F,2009-12-13,0,,,,,
421,Julie Andrea,Marquez,,1,julieandrea981@gmail.com,F,2015-3-4,0,,,,,
422,Brian,Muã‘Oz,Chavez,1,brian912@gmail.com,M,2008-7-20,0,,,,,
423,Gina Paola,Diaz,,1,ginapaola454@gmail.com,F,2009-9-20,0,,,,,
424,Ana Milena,De Acuã‘A,Hernandez,1,anamilena938@gmail.com,F,2007-10-4,0,,,,,
425,Daiana,Perez,Guerrero,1,daiana483@gmail.com,F,2011-10-13,0,,,,,
426,Maria Lida,Baiz,Leguia,1,marialida201@gmail.com,F,2007-8-12,0,,,,,
427,Cesar Leonardo,Dion,,1,cesarleonardo276@gmail.com,M,2010-7-25,0,,,,,
428,Jairo,Murillo,,1,jairo544@gmail.com,M,2006-10-11,0,,,,,
429,Carlos Ernesto,Santiago,Diaz,1,carlosernesto347@gmail.com,M,2004-3-28,0,,,,,
430,Jessica Maria,Ortega,,1,jessicamaria288@gmail.com,F,2012-11-1,0,,,,,
431,Blanca Liliana,Santos,Chavez,1,blancaliliana95@gmail.com,F,2014-6-8,0,,,,,
432,Nicolas Esteban,Acosta,Diaz,1,nicolasesteban498@gmail.com,M,2012-5-16,0,,,,,
433,Jessica Lorena,Perez,,1,jessicalorena431@gmail.com,F,2007-10-12,0,,,,,
434,Hamilton,Diaz,Cardenas,1,hamilton941@gmail.com,M,2009-10-8,0,,,,,
435,William Fernando,Calderon,Sierra,1,williamfernando234@gmail.com,M,2015-2-21,0,,,,,
436,Milena,Alvarez,Ortega,1,milena575@gmail.com,F,2006-11-2,0,,,,,
437,Carmen Adriana,Triana,,1,carmenadriana372@gmail.com,F,2015-2-26,0,,,,,
438,Alison,Perez,Aleman,1,alison374@gmail.com,F,2015-7-10,0,,,,,
439,Dayana,Gomez,Pereira,1,dayana58@gmail.com,F,2012-5-6,0,,,,,
440,Jeremy,Martinez,Oliveros,1,jeremy858@gmail.com,M,2006-7-19,0,,,,,
441,Natalia Carolina,Calvo,Anaya,1,nataliacarolina763@gmail.com,F,2011-7-7,0,,,,,
442,Gabriel,Perez,Buelvas,1,gabriel436@gmail.com,M,2011-11-10,0,,,,,
443,Maria Esneda,Paternina,Mercado,1,mariaesneda666@gmail.com,F,2007-2-13,0,,,,,
444,Diana Lucia,Martinez,,1,dianalucia554@gmail.com,F,2004-2-11,0,,,,,
445,Edith,Salcedo,Espitia,1,edith244@gmail.com,F,2010-12-10,0,,,,,
446,Betty,Martinez,,1,betty767@gmail.com,F,2005-9-28,0,,,,,
447,Susana,Benitez,,1,susana86@gmail.com,F,2011-2-12,0,,,,,
448,Jaime Humberto,Acosta,,1,jaimehumberto522@gmail.com,M,2005-11-10,0,,,,,
449,Ana Patricia,Gamboa,Atencia,1,anapatricia93@gmail.com,F,2005-2-4,0,,,,,
450,John James,Martinez,,1,johnjames997@gmail.com,M,2015-11-22,0,,,,,
451,Fabio Alejandro,Meriã‘O,,1,fabioalejandro419@gmail.com,M,2009-4-25,0,,,,,
452,Oliver,Julio,De Perez,1,oliver862@gmail.com,M,2012-8-17,0,,,,,
453,Dora Cecilia,Avilez,Ricardo,1,doracecilia344@gmail.com,F,2015-2-8,0,,,,,
454,Javier Mauricio,Moreno,,1,javiermauricio942@gmail.com,M,2012-3-10,0,,,,,
455,Norma Constanza,Mangones,Escobar,1,normaconstanza409@gmail.com,F,2012-8-12,0,,,,,
456,Yessenia,Fernandez,Romero,1,yessenia0@gmail.com,F,2005-2-19,0,,,,,
457,Astrid,Peralta,Ropero,1,astrid344@gmail.com,F,2015-9-2,0,,,,,
458,Paola Marcela,Teheran,Arias,1,paolamarcela147@gmail.com,F,2014-7-25,0,,,,,
459,Jairo Humberto,Hurtado,De Garrido,1,jairohumberto421@gmail.com,M,2011-4-23,0,,,,,
460,Diego Jesus,Hernandez,Torregroza,1,diegojesus461@gmail.com,M,2015-4-19,0,,,,,
461,Tomas,Ramos,Vanega,1,tomas73@gmail.com,M,2014-8-18,0,,,,,
462,Marcela,Martinez,,1,marcela426@gmail.com,F,2009-4-7,0,,,,,
463,Ana Mercedes,Salcedo,,1,anamercedes278@gmail.com,F,2010-9-22,0,,,,,
464,Rubiel,Eliaz,,1,rubiel736@gmail.com,M,2004-9-25,0,,,,,
465,Cecilia,Agamez,,1,cecilia477@gmail.com,F,2007-12-13,0,,,,,
466,Luz Alejandra,Wilches,,1,luzalejandra49@gmail.com,F,2011-5-26,0,,,,,
467,Constanza,Osta,,1,constanza974@gmail.com,F,2013-1-16,0,,,,,
468,Lucero,Martinez,Hoyos,1,lucero643@gmail.com,F,2014-5-18,0,,,,,
469,Flor,Castro,,1,flor986@gmail.com,F,2014-12-19,0,,,,,
470,Luz Karime,Ladeuth,Benitez,1,luzkarime221@gmail.com,F,2006-5-15,0,,,,,
471,Yamileth,Paternina,,1,yamileth688@gmail.com,F,2012-12-19,0,,,,,
472,Diego Fabian,Pedroza,Navarro,1,diegofabian296@gmail.com,M,2013-8-1,0,,,,,
473,Daniela Alejandra,Solis,Flores,1,danielaalejandra623@gmail.com,F,2006-6-8,0,,,,,
474,Angela Cristina,Marquez,Baiz,1,angelacristina366@gmail.com,F,2006-9-24,0,,,,,
475,Juliana,Mendoza,,1,juliana310@gmail.com,F,2004-12-15,0,,,,,
476,Sara Ines,Vargas,,1,saraines662@gmail.com,F,2012-12-9,0,,,,,
477,James,Peã‘A,Ortega,1,james843@gmail.com,M,2015-8-24,0,,,,,
478,Carlos,Rivero,,1,carlos292@gmail.com,M,2011-10-14,0,,,,,
479,Arley,Arias,,1,arley489@gmail.com,M,2008-4-4,0,,,,,
480,Jeffrey,Tuiran,,2,jeffrey855@gmail.com,M,2001-7-3,0,,,,,
481,Yovanna,Espitia,,2,yovanna52@gmail.com,F,2001-2-6,0,,,,,
482,Mireya,Porras,Morales,2,mireya193@gmail.com,F,1973-10-24,0,,,,,
483,Ramon,Marin,,2,ramon909@gmail.com,M,1989-6-24,0,,,,,
484,Leidy Tatiana,Novoa,,2,leidytatiana604@gmail.com,F,1975-1-7,0,,,,,
485,Jhon Edinson,Bustamante,,2,jhonedinson583@gmail.com,M,1986-8-7,0,,,,,
486,Saray,Vides,,2,saray786@gmail.com,F,1997-7-11,0,,,,,
487,Hugo Jesus,Montes,Figueroa,2,hugojesus532@gmail.com,M,1960-4-14,0,,,,,
488,Cristian Eduardo,Cardenas,,2,cristianeduardo327@gmail.com,M,1979-12-20,0,,,,,
489,Jose Alonso,Galvis,,2,josealonso555@gmail.com,M,1996-4-22,0,,,,,
490,Maria Gabriela,Peã‘A,Peã‘A,2,mariagabriela226@gmail.com,F,1960-5-4,0,,,,,
491,Juan,Tapias,,2,juan266@gmail.com,M,1977-5-26,0,,,,,
492,Jose Edison,Ricardo,Rivera,2,joseedison864@gmail.com,M,1997-3-18,0,,,,,
493,Christian Andres,Sierra,Herazo,2,christianandres819@gmail.com,M,1962-6-8,0,,,,,
494,Ingrid Katherine,Peralta,,2,ingridkatherine266@gmail.com,F,1994-9-14,0,,,,,
495,Jhony Alexander,Mendoza,,2,jhonyalexander937@gmail.com,M,1983-3-3,0,,,,,
496,Alvaro Javier,Cardenas,,2,alvarojavier462@gmail.com,M,1990-2-14,0,,,,,
497,Leidy Vanessa,Arroyo,Garizabalo,2,leidyvanessa268@gmail.com,F,1982-2-18,0,,,,,
498,Juan Ricardo,Ortiz,Martinez,2,juanricardo593@gmail.com,M,1970-4-7,0,,,,,
499,Fernando Augusto,Zabaleta,,2,fernandoaugusto778@gmail.com,M,1990-6-26,0,,,,,
500,Luz Angelica,Herrera,Hernandez,2,luzangelica808@gmail.com,F,2002-3-26,0,,,,,
501,Cristian Andres,Flores,,2,cristianandres644@gmail.com,M,1973-6-14,0,,,,,
502,Laura Milena,Leiton,,2,lauramilena826@gmail.com,F,1971-10-5,0,,,,,
503,Nini Johana,Sierra,Mercado,2,ninijohana723@gmail.com,F,1987-11-27,0,,,,,
504,Ricardo Jesus,Barboza,Alvarez,2,ricardojesus833@gmail.com,M,1991-11-14,0,,,,,
505,Mauricio Alexander,Monterroza,Tuiran,2,mauricioalexander911@gmail.com,M,1968-1-12,0,,,,,
506,Napoleon,Alvarez,,2,napoleon638@gmail.com,M,1996-4-27,0,,,,,
507,Ricardo Antonio,Montes,Garcia,2,ricardoantonio790@gmail.com,M,1995-7-9,0,,,,,
508,Mauricio,Rocha,,2,mauricio409@gmail.com,M,1980-6-7,0,,,,,
509,Nohemy,Luna,,2,nohemy351@gmail.com,F,1993-1-27,0,,,,,
510,Miguel Alejandro,Ponce,,3,miguelalejandro183@gmail.com,M,1973-12-10,0,,,,,
511,Juan Guillermo,Garcia,Perez,3,juanguillermo925@gmail.com,M,2002-2-28,0,,,,,
512,Claudia,Angulo,Plaza,3,claudia463@gmail.com,F,1982-4-18,0,,,,,
513,Nayibe,Sierra,,3,nayibe333@gmail.com,F,1996-4-27,0,,,,,
514,Samanta,Albarino,,3,samanta240@gmail.com,F,1961-2-7,0,,,,,
515,David Fernando,Torres,Chavez,3,davidfernando517@gmail.com,M,1969-5-15,0,,,,,
516,Javier Antonio,Castillo,Estrada,3,javierantonio270@gmail.com,M,1982-4-13,0,,,,,
517,Reinaldo Jesus,Wilches,,3,reinaldojesus813@gmail.com,M,1975-5-6,0,,,,,
